{
  "yakult": {
    "sourceFile": "Yakult_All_Load_Search_Results.xlsx",
    "destinationFile": "Yakult_Default_File_Format.xlsx",
    "columnMapping": {
      "A": "A",
      "B": "B",
      "C": "C",
      "D": "D",
      "E": "E",
      "F": "F",
      "G": "G",
      "H": "H",
      "I": "I",
      "J": "K",
      "K": "K",
      "L": "L",
      "N": "N",
      "O": "O"
    },
    "rowMapping": {
      "sourceStartRow": 2,
      "destinationStartRow": 3
    },
    "defaultValues": {
      "N": "$ 0.00",
      "O": "$ 0.00"
    },
    "formulas": {
      "M": "=O-N"
    }
  },
  "jimmysCookies": {
    "sourceFile": "Jimmys_Cookies_All_Load_Search_Results.xlsx",
    "destinationFile": "Jimmys_Cookies_Default_File_Format.xlsx",
    "columnMapping": {
      "A": "D",
      "B": "E",
      "C": "F",
      "D": "H"
    },
    "rowMapping": {
      "sourceStartRow": 2,
      "destinationStartRow": 7
    }
  },
  "glovis": {
    "sourceFile": "Glovis_All_Load_Search_Results.xlsx",
    "destinationFile": "Glovis_Default_File_Format.xlsx",
    "columnMapping": {
      "N": "A",
      "A": "E",
      "C": "F",
      "E": "G",
      //"E": "S",
      "G": "M",
      "H": "N",
      "I": "O",
      "J": "P",
      "L": "Z",
      "O": "AA",
      "S": "AB",
      "B": "AC"

    },
    "rowMapping": {
      "sourceStartRow": 2,
      "destinationStartRow": 2
    },
    "defaultValues": {
      "C": "TTS LLC",
      "H": "INBOUND",
      "U": "IMC",
      "V": "LOAD",
      "W": "EQUIPMENT",
      "X": "CO"
    },
    "destinationCopyColumns": {
      "G": "S"
    }
  }
}
