[
  {
    "Id": "1773bb85-bbd4-4093-9d92-545e2a1e646b",
    "FirstName": "Himanshu",
    "LastName": "Agrawal",
    "UserName": "HimanshuA",
    "IsActive": true,
    "IsDelete": false,
    "Email": "himanshu.agrawal2@wns.com",
    "WnsId": "418450",
    "Password": "52b6a512c907cf0fa36644fb699bd86673a0b9281ff526d696084a1b7e218d99",
    "ConfirmPassword": "52b6a512c907cf0fa36644fb699bd86673a0b9281ff526d696084a1b7e218d99",
    "FolderPath": null,
    "Roles": []
  },
  {
    "Id": "41bfc171-2cf1-43de-a0e0-a23a04b93d42",
    "FirstName": "Radhesh",
    "LastName": "Khaire",
    "UserName": "RadheshK",
    "IsActive": true,
    "IsDelete": false,
    "Email": "radhesh.khaire@wns.com",
    "WnsId": "463642",
    "Password": "efc8fba9489b1d63fb2efe99f2695aa40a8e3ee9c00738145ddd632f8c4c39d2",
    "ConfirmPassword": "efc8fba9489b1d63fb2efe99f2695aa40a8e3ee9c00738145ddd632f8c4c39d2",
    "FolderPath": null,
    "Roles": []
  }
]